"Time_ms";"MsgProc";"StateAfter";"MsgClass";"MsgNumber";"Var1";"Var2";"Var3";"Var4";"Var5";"Var6";"Var7";"Var8";"TimeString";"MsgText";"PLC"
43529374155,0926;2;1;64;112;"112_ALARME DEVIATION CHARGEMENT EAU PURFIEE";;;;;;;;"05/03/2019 08:58:47";"112_ALARME DEVIATION CHARGEMENT EAU PURFIEE";"HMI_Liaison_1"
43529374178,2407;2;0;64;112;"112_ALARME DEVIATION CHARGEMENT EAU PURFIEE";;;;;;;;"05/03/2019 08:58:49";"112_ALARME DEVIATION CHARGEMENT EAU PURFIEE";"HMI_Liaison_1"
43529374224,537;2;1;64;112;"112_ALARME DEVIATION CHARGEMENT EAU PURFIEE";;;;;;;;"05/03/2019 08:58:53";"112_ALARME DEVIATION CHARGEMENT EAU PURFIEE";"HMI_Liaison_1"
43529374317,1412;2;0;64;112;"112_ALARME DEVIATION CHARGEMENT EAU PURFIEE";;;;;;;;"05/03/2019 08:59:01";"112_ALARME DEVIATION CHARGEMENT EAU PURFIEE";"HMI_Liaison_1"
43529374340,2894;2;1;64;112;"112_ALARME DEVIATION CHARGEMENT EAU PURFIEE";;;;;;;;"05/03/2019 08:59:03";"112_ALARME DEVIATION CHARGEMENT EAU PURFIEE";"HMI_Liaison_1"
43529374340,2778;2;0;64;112;"112_ALARME DEVIATION CHARGEMENT EAU PURFIEE";;;;;;;;"05/03/2019 08:59:03";"112_ALARME DEVIATION CHARGEMENT EAU PURFIEE";"HMI_Liaison_1"
43529374363,4259;2;1;64;112;"112_ALARME DEVIATION CHARGEMENT EAU PURFIEE";;;;;;;;"05/03/2019 08:59:05";"112_ALARME DEVIATION CHARGEMENT EAU PURFIEE";"HMI_Liaison_1"
43529374386,5857;2;0;64;112;"112_ALARME DEVIATION CHARGEMENT EAU PURFIEE";;;;;;;;"05/03/2019 08:59:07";"112_ALARME DEVIATION CHARGEMENT EAU PURFIEE";"HMI_Liaison_1"
43529374409,7222;2;1;64;112;"112_ALARME DEVIATION CHARGEMENT EAU PURFIEE";;;;;;;;"05/03/2019 08:59:09";"112_ALARME DEVIATION CHARGEMENT EAU PURFIEE";"HMI_Liaison_1"
43529374409,7222;2;0;64;112;"112_ALARME DEVIATION CHARGEMENT EAU PURFIEE";;;;;;;;"05/03/2019 08:59:09";"112_ALARME DEVIATION CHARGEMENT EAU PURFIEE";"HMI_Liaison_1"
43529374432,8704;2;1;64;112;"112_ALARME DEVIATION CHARGEMENT EAU PURFIEE";;;;;;;;"05/03/2019 08:59:11";"112_ALARME DEVIATION CHARGEMENT EAU PURFIEE";"HMI_Liaison_1"
43529374432,8704;2;0;64;112;"112_ALARME DEVIATION CHARGEMENT EAU PURFIEE";;;;;;;;"05/03/2019 08:59:11";"112_ALARME DEVIATION CHARGEMENT EAU PURFIEE";"HMI_Liaison_1"
43529374456,0185;2;1;64;112;"112_ALARME DEVIATION CHARGEMENT EAU PURFIEE";;;;;;;;"05/03/2019 08:59:13";"112_ALARME DEVIATION CHARGEMENT EAU PURFIEE";"HMI_Liaison_1"
43529374456,0185;2;0;64;112;"112_ALARME DEVIATION CHARGEMENT EAU PURFIEE";;;;;;;;"05/03/2019 08:59:13";"112_ALARME DEVIATION CHARGEMENT EAU PURFIEE";"HMI_Liaison_1"
43529375249,6875;2;6;64;112;"112_ALARME DEVIATION CHARGEMENT EAU PURFIEE";;;;;;;;"05/03/2019 09:00:22";"112_ALARME DEVIATION CHARGEMENT EAU PURFIEE";"HMI_Liaison_1"
43529375567,1296;2;1;64;42;"42_DYSFONCTIONNEMENT AGITATEUR TRIPALE";;;;;;;;"05/03/2019 09:00:49";"42_DYSFONCTIONNEMENT AGITATEUR TRIPALE";"HMI_Liaison_1"
43529384386,5856;2;1;64;16;"16_DEFAUT PROFIBUS @5 : VARIATEUR AGITATION TRIPALE";;;;;;;;"05/03/2019 09:13:31";"16_DEFAUT PROFIBUS @5 : VARIATEUR AGITATION TRIPALE";"HMI_Liaison_1"
43529384785,625;2;3;64;16;"16_DEFAUT PROFIBUS @5 : VARIATEUR AGITATION TRIPALE";;;;;;;;"05/03/2019 09:14:05";"16_DEFAUT PROFIBUS @5 : VARIATEUR AGITATION TRIPALE";"HMI_Liaison_1"
43529384803,2407;2;2;64;16;"16_DEFAUT PROFIBUS @5 : VARIATEUR AGITATION TRIPALE";;;;;;;;"05/03/2019 09:14:07";"16_DEFAUT PROFIBUS @5 : VARIATEUR AGITATION TRIPALE";"HMI_Liaison_1"
43529384905,2199;2;3;64;42;"42_DYSFONCTIONNEMENT AGITATEUR TRIPALE";;;;;;;;"05/03/2019 09:14:16";"42_DYSFONCTIONNEMENT AGITATEUR TRIPALE";"HMI_Liaison_1"
43529387118,0556;2;2;64;42;"42_DYSFONCTIONNEMENT AGITATEUR TRIPALE";;;;;;;;"05/03/2019 09:17:27";"42_DYSFONCTIONNEMENT AGITATEUR TRIPALE";"HMI_Liaison_1"
43529569942,1296;2;1;64;113;"113_ALARME DEVIATION TEMPERATURE PRODUIT";;;;;;;;"05/03/2019 13:40:43";"113_ALARME DEVIATION TEMPERATURE PRODUIT";"HMI_Liaison_1"
43529573414,3519;2;0;64;113;"113_ALARME DEVIATION TEMPERATURE PRODUIT";;;;;;;;"05/03/2019 13:45:43";"113_ALARME DEVIATION TEMPERATURE PRODUIT";"HMI_Liaison_1"
43529574109,3403;2;6;64;113;"113_ALARME DEVIATION TEMPERATURE PRODUIT";;;;;;;;"05/03/2019 13:46:43";"113_ALARME DEVIATION TEMPERATURE PRODUIT";"HMI_Liaison_1"
43529886331,0185;2;1;64;85;"85_DEFAUT GROUPE FROID";;;;;;;;"05/03/2019 21:16:19";"85_DEFAUT GROUPE FROID";"HMI_Liaison_1"
43529887128,4954;2;3;64;85;"85_DEFAUT GROUPE FROID";;;;;;;;"05/03/2019 21:17:28";"85_DEFAUT GROUPE FROID";"HMI_Liaison_1"
43529887719,9074;2;2;64;85;"85_DEFAUT GROUPE FROID";;;;;;;;"05/03/2019 21:18:19";"85_DEFAUT GROUPE FROID";"HMI_Liaison_1"
43529887812,5;2;1;64;85;"85_DEFAUT GROUPE FROID";;;;;;;;"05/03/2019 21:18:27";"85_DEFAUT GROUPE FROID";"HMI_Liaison_1"
43529891006,9444;2;0;64;85;"85_DEFAUT GROUPE FROID";;;;;;;;"05/03/2019 21:23:03";"85_DEFAUT GROUPE FROID";"HMI_Liaison_1"
43529891099,537;2;1;64;85;"85_DEFAUT GROUPE FROID";;;;;;;;"05/03/2019 21:23:11";"85_DEFAUT GROUPE FROID";"HMI_Liaison_1"
43529896701,3889;2;0;64;85;"85_DEFAUT GROUPE FROID";;;;;;;;"05/03/2019 21:31:15";"85_DEFAUT GROUPE FROID";"HMI_Liaison_1"
43529896777,2222;2;6;64;85;"85_DEFAUT GROUPE FROID";;;;;;;;"05/03/2019 21:31:22";"85_DEFAUT GROUPE FROID";"HMI_Liaison_1"
43529897002,3148;2;1;64;85;"85_DEFAUT GROUPE FROID";;;;;;;;"05/03/2019 21:31:41";"85_DEFAUT GROUPE FROID";"HMI_Liaison_1"
43529903414,3519;2;1;64;51;"51_DEFAUT GENERAL BROYEUR";;;;;;;;"05/03/2019 21:40:55";"51_DEFAUT GENERAL BROYEUR";"HMI_Liaison_1"
43529912306,6435;2;3;64;51;"51_DEFAUT GENERAL BROYEUR";;;;;;;;"05/03/2019 21:53:43";"51_DEFAUT GENERAL BROYEUR";"HMI_Liaison_1"
43529912326,3889;2;2;64;51;"51_DEFAUT GENERAL BROYEUR";;;;;;;;"05/03/2019 21:53:45";"51_DEFAUT GENERAL BROYEUR";"HMI_Liaison_1"
43529912334,3056;2;3;64;85;"85_DEFAUT GROUPE FROID";;;;;;;;"05/03/2019 21:53:46";"85_DEFAUT GROUPE FROID";"HMI_Liaison_1"
43529912326,4005;2;2;64;85;"85_DEFAUT GROUPE FROID";;;;;;;;"05/03/2019 21:53:45";"85_DEFAUT GROUPE FROID";"HMI_Liaison_1"
43529915960,6481;2;1;64;51;"51_DEFAUT GENERAL BROYEUR";;;;;;;;"05/03/2019 21:58:59";"51_DEFAUT GENERAL BROYEUR";"HMI_Liaison_1"
43529927032,5463;2;3;64;51;"51_DEFAUT GENERAL BROYEUR";;;;;;;;"05/03/2019 22:14:56";"51_DEFAUT GENERAL BROYEUR";"HMI_Liaison_1"
43529928298,6111;2;2;64;51;"51_DEFAUT GENERAL BROYEUR";;;;;;;;"05/03/2019 22:16:45";"51_DEFAUT GENERAL BROYEUR";"HMI_Liaison_1"
43529928321,7593;2;1;64;51;"51_DEFAUT GENERAL BROYEUR";;;;;;;;"05/03/2019 22:16:47";"51_DEFAUT GENERAL BROYEUR";"HMI_Liaison_1"
43529929304,0625;2;3;64;51;"51_DEFAUT GENERAL BROYEUR";;;;;;;;"05/03/2019 22:18:12";"51_DEFAUT GENERAL BROYEUR";"HMI_Liaison_1"
43529929317,1296;2;2;64;51;"51_DEFAUT GENERAL BROYEUR";;;;;;;;"05/03/2019 22:18:13";"51_DEFAUT GENERAL BROYEUR";"HMI_Liaison_1"
43530868414,3519;2;1;64;51;"51_DEFAUT GENERAL BROYEUR";;;;;;;;"06/03/2019 20:50:31";"51_DEFAUT GENERAL BROYEUR";"HMI_Liaison_1"
43530869072,1412;2;3;64;51;"51_DEFAUT GENERAL BROYEUR";;;;;;;;"06/03/2019 20:51:28";"51_DEFAUT GENERAL BROYEUR";"HMI_Liaison_1"
43530869062,5;2;2;64;51;"51_DEFAUT GENERAL BROYEUR";;;;;;;;"06/03/2019 20:51:27";"51_DEFAUT GENERAL BROYEUR";"HMI_Liaison_1"
43531381678,2407;2;1;64;1;"1_ARRET D’URGENCE";;;;;;;;"07/03/2019 09:09:37";"1_ARRET D’URGENCE";"HMI_Liaison_1"
43531381678,2523;2;1;64;51;"51_DEFAUT GENERAL BROYEUR";;;;;;;;"07/03/2019 09:09:37";"51_DEFAUT GENERAL BROYEUR";"HMI_Liaison_1"
43531382048,6111;2;1;64;100;"100_DEFAUT PRESSION CIRCUIT LUBRIF NON CONFORME";;;;;;;;"07/03/2019 09:10:09";"100_DEFAUT PRESSION CIRCUIT LUBRIF NON CONFORME";"HMI_Liaison_1"
43531385781,8519;2;3;64;100;"100_DEFAUT PRESSION CIRCUIT LUBRIF NON CONFORME";;;;;;;;"07/03/2019 09:15:32";"100_DEFAUT PRESSION CIRCUIT LUBRIF NON CONFORME";"HMI_Liaison_1"
43531385775,4745;2;2;64;100;"100_DEFAUT PRESSION CIRCUIT LUBRIF NON CONFORME";;;;;;;;"07/03/2019 09:15:31";"100_DEFAUT PRESSION CIRCUIT LUBRIF NON CONFORME";"HMI_Liaison_1"
43531385777,8704;2;3;64;51;"51_DEFAUT GENERAL BROYEUR";;;;;;;;"07/03/2019 09:15:31";"51_DEFAUT GENERAL BROYEUR";"HMI_Liaison_1"
43531385798,6111;2;2;64;51;"51_DEFAUT GENERAL BROYEUR";;;;;;;;"07/03/2019 09:15:33";"51_DEFAUT GENERAL BROYEUR";"HMI_Liaison_1"
43531385804,6759;2;3;64;1;"1_ARRET D’URGENCE";;;;;;;;"07/03/2019 09:15:34";"1_ARRET D’URGENCE";"HMI_Liaison_1"
43531385821,7593;2;2;64;1;"1_ARRET D’URGENCE";;;;;;;;"07/03/2019 09:15:35";"1_ARRET D’URGENCE";"HMI_Liaison_1"
43531385868,0556;2;1;64;100;"100_DEFAUT PRESSION CIRCUIT LUBRIF NON CONFORME";;;;;;;;"07/03/2019 09:15:39";"100_DEFAUT PRESSION CIRCUIT LUBRIF NON CONFORME";"HMI_Liaison_1"
43531386006,9444;2;0;64;100;"100_DEFAUT PRESSION CIRCUIT LUBRIF NON CONFORME";;;;;;;;"07/03/2019 09:15:51";"100_DEFAUT PRESSION CIRCUIT LUBRIF NON CONFORME";"HMI_Liaison_1"
43531386565,9259;2;6;64;100;"100_DEFAUT PRESSION CIRCUIT LUBRIF NON CONFORME";;;;;;;;"07/03/2019 09:16:39";"100_DEFAUT PRESSION CIRCUIT LUBRIF NON CONFORME";"HMI_Liaison_1"
43532303645,8333;2;1;64;57;"57_DÉFAUT DÉBIT EAU REFROIDISSEMENT POMPE CONTI TDS";;;;;;;;"08/03/2019 07:17:15";"57_DÉFAUT DÉBIT EAU REFROIDISSEMENT POMPE CONTI TDS";"HMI_Liaison_1"
43532303715,2778;2;1;64;153;"153_SIC100_72 - ALARME DEVIATION BASSE SUR CONSIGNE";;;;;;;;"08/03/2019 07:17:21";"153_SIC100_72 - ALARME DEVIATION BASSE SUR CONSIGNE";"HMI_Liaison_1"
43532303761,5741;2;1;64;45;"45_DYSFONCTIONNEMENT POMPE YSTRAL CONTI TDS";;;;;;;;"08/03/2019 07:17:25";"45_DYSFONCTIONNEMENT POMPE YSTRAL CONTI TDS";"HMI_Liaison_1"
43532303949,8727;2;3;64;45;"45_DYSFONCTIONNEMENT POMPE YSTRAL CONTI TDS";;;;;;;;"08/03/2019 07:17:41";"45_DYSFONCTIONNEMENT POMPE YSTRAL CONTI TDS";"HMI_Liaison_1"
43532303957,7083;2;3;64;153;"153_SIC100_72 - ALARME DEVIATION BASSE SUR CONSIGNE";;;;;;;;"08/03/2019 07:17:42";"153_SIC100_72 - ALARME DEVIATION BASSE SUR CONSIGNE";"HMI_Liaison_1"
43532303976,7245;2;3;64;57;"57_DÉFAUT DÉBIT EAU REFROIDISSEMENT POMPE CONTI TDS";;;;;;;;"08/03/2019 07:17:44";"57_DÉFAUT DÉBIT EAU REFROIDISSEMENT POMPE CONTI TDS";"HMI_Liaison_1"
43532303969,919;2;2;64;57;"57_DÉFAUT DÉBIT EAU REFROIDISSEMENT POMPE CONTI TDS";;;;;;;;"08/03/2019 07:17:43";"57_DÉFAUT DÉBIT EAU REFROIDISSEMENT POMPE CONTI TDS";"HMI_Liaison_1"
43532341099,537;2;2;64;45;"45_DYSFONCTIONNEMENT POMPE YSTRAL CONTI TDS";;;;;;;;"08/03/2019 08:11:11";"45_DYSFONCTIONNEMENT POMPE YSTRAL CONTI TDS";"HMI_Liaison_1"
43532341562,5;2;2;64;153;"153_SIC100_72 - ALARME DEVIATION BASSE SUR CONSIGNE";;;;;;;;"08/03/2019 08:11:51";"153_SIC100_72 - ALARME DEVIATION BASSE SUR CONSIGNE";"HMI_Liaison_1"
43532377326,4005;2;1;64;85;"85_DEFAUT GROUPE FROID";;;;;;;;"08/03/2019 09:03:21";"85_DEFAUT GROUPE FROID";"HMI_Liaison_1"
43532399231,7245;2;3;64;85;"85_DEFAUT GROUPE FROID";;;;;;;;"08/03/2019 09:34:54";"85_DEFAUT GROUPE FROID";"HMI_Liaison_1"
43532399687,5;2;2;64;85;"85_DEFAUT GROUPE FROID";;;;;;;;"08/03/2019 09:35:33";"85_DEFAUT GROUPE FROID";"HMI_Liaison_1"
43532399756,9445;2;1;64;85;"85_DEFAUT GROUPE FROID";;;;;;;;"08/03/2019 09:35:39";"85_DEFAUT GROUPE FROID";"HMI_Liaison_1"
43532404259,0394;2;3;64;85;"85_DEFAUT GROUPE FROID";;;;;;;;"08/03/2019 09:42:08";"85_DEFAUT GROUPE FROID";"HMI_Liaison_1"
43532404270,8333;2;2;64;85;"85_DEFAUT GROUPE FROID";;;;;;;;"08/03/2019 09:42:09";"85_DEFAUT GROUPE FROID";"HMI_Liaison_1"
